id_transaccion,id_cliente,fecha_compra,sku_producto,categoria_producto,monto_pago,id_tienda,medio_pago
tx_0001,cli_043,2025-05-29,sku_103,coccion,3398379.52,tienda_occidente,efectivo
tx_0002,cli_166,2024-10-06,sku_106,refrigeracion,3615951.4,tienda_centro,tarjeta_credito
tx_0003,cli_157,2023-10-14,sku_121,refrigeracion,3845183.36,tienda_norte,credito_propio_retail
tx_0004,cli_012,2024-05-22,sku_113,pequenos_electrodomesticos,1433156.34,tienda_occidente,tarjeta_credito
tx_0005,cli_145,2024-07-21,sku_112,coccion,2908098.66,tienda_occidente,efectivo
tx_0006,cli_166,2023-06-22,sku_126,lavado,1446545.79,tienda_norte,efectivo
tx_0007,cli_174,2024-05-23,sku_144,lavado,4008354.82,tienda_sur,credito_propio_retail
tx_0008,cli_166,2024-08-06,sku_135,lavado,4349339.46,tienda_occidente,credito_propio_retail
tx_0009,cli_103,2023-02-24,sku_146,pequenos_electrodomesticos,3922054.53,tienda_sur,tarjeta_credito
tx_0010,cli_193,2024-09-09,sku_146,refrigeracion,2968541.65,tienda_sur,tarjeta_credito
tx_0011,cli_085,2024-02-25,sku_134,lavado,4314653.67,tienda_centro,tarjeta_debito
tx_0012,cli_111,2025-11-26,sku_116,pequenos_electrodomesticos,198503.4,tienda_occidente,tarjeta_credito
tx_0013,cli_028,2025-11-09,sku_142,pequenos_electrodomesticos,3955236.14,tienda_centro,tarjeta_credito
tx_0014,cli_003,2024-01-22,sku_118,pequenos_electrodomesticos,764976.32,tienda_norte,efectivo
tx_0015,cli_026,2025-03-13,sku_119,pequenos_electrodomesticos,331713.16,tienda_centro,tarjeta_credito
tx_0016,cli_067,2024-08-28,sku_115,pequenos_electrodomesticos,2641325.89,tienda_norte,tarjeta_debito
tx_0017,cli_057,2023-04-22,sku_106,pequenos_electrodomesticos,1864255.4,tienda_sur,tarjeta_credito
tx_0018,cli_131,2024-05-05,sku_103,refrigeracion,2531735.71,tienda_occidente,credito_propio_retail
tx_0019,cli_192,2025-10-10,sku_125,refrigeracion,520301.83,tienda_centro,tarjeta_debito
tx_0020,cli_133,2025-03-01,sku_136,lavado,1063730.07,tienda_occidente,credito_propio_retail
tx_0021,cli_143,2023-08-19,sku_135,coccion,3375222.6,tienda_sur,efectivo
tx_0022,cli_149,2024-05-08,sku_131,refrigeracion,3307827.46,tienda_sur,tarjeta_debito
tx_0023,cli_177,2025-10-20,sku_109,coccion,1071055.7,tienda_sur,tarjeta_debito
tx_0024,cli_148,2023-05-26,sku_103,lavado,4089481.93,tienda_sur,tarjeta_credito
tx_0025,cli_057,2025-12-17,sku_123,refrigeracion,3853846.0,tienda_sur,tarjeta_debito
tx_0026,cli_115,2023-01-25,sku_100,refrigeracion,769679.76,tienda_sur,efectivo
tx_0027,cli_096,2025-01-09,sku_127,lavado,950368.34,tienda_centro,efectivo
tx_0028,cli_101,2024-10-10,sku_105,lavado,2833449.42,tienda_occidente,efectivo
tx_0029,cli_119,2023-09-28,sku_118,coccion,1249426.73,tienda_centro,tarjeta_debito
tx_0030,cli_198,2025-03-03,sku_142,coccion,648608.06,tienda_sur,tarjeta_debito
tx_0031,cli_174,2025-05-11,sku_140,lavado,3068753.91,tienda_norte,tarjeta_credito
tx_0032,cli_151,2025-01-18,sku_138,refrigeracion,2617723.0,tienda_norte,efectivo
tx_0033,cli_177,2023-12-20,sku_130,pequenos_electrodomesticos,386589.13,tienda_sur,tarjeta_credito
tx_0034,cli_129,2025-08-22,sku_112,coccion,3417031.89,tienda_sur,efectivo
tx_0035,cli_039,2023-05-30,sku_106,lavado,4456832.44,tienda_sur,tarjeta_credito
tx_0036,cli_089,2023-02-04,sku_101,refrigeracion,2537502.34,tienda_occidente,credito_propio_retail
tx_0037,cli_007,2023-05-19,sku_113,refrigeracion,2954334.14,tienda_occidente,credito_propio_retail
tx_0038,cli_124,2023-01-29,sku_110,coccion,468178.89,tienda_centro,efectivo
tx_0039,cli_027,2024-06-20,sku_140,coccion,3071830.83,tienda_occidente,tarjeta_credito
tx_0040,cli_076,2024-03-17,sku_118,pequenos_electrodomesticos,1240491.12,tienda_sur,tarjeta_debito
tx_0041,cli_107,2023-03-23,sku_105,coccion,1008766.53,tienda_occidente,tarjeta_debito
tx_0042,cli_022,2023-05-04,sku_130,pequenos_electrodomesticos,2675591.09,tienda_norte,tarjeta_debito
tx_0043,cli_030,2025-03-26,sku_107,lavado,4289198.59,tienda_norte,tarjeta_credito
tx_0044,cli_187,2025-11-03,sku_119,coccion,1703551.86,tienda_sur,credito_propio_retail
tx_0045,cli_037,2024-08-09,sku_150,pequenos_electrodomesticos,3070135.71,tienda_occidente,tarjeta_debito
tx_0046,cli_090,2025-10-23,sku_125,coccion,1170217.89,tienda_occidente,efectivo
tx_0047,cli_080,2025-04-30,sku_130,lavado,1390346.58,tienda_centro,credito_propio_retail
tx_0048,cli_088,2025-05-17,sku_131,lavado,453668.65,tienda_centro,efectivo
tx_0049,cli_117,2025-04-03,sku_142,pequenos_electrodomesticos,991718.78,tienda_norte,tarjeta_credito
tx_0050,cli_053,2023-06-18,sku_116,refrigeracion,2263496.35,tienda_sur,tarjeta_debito
tx_0051,cli_134,2026-01-03,sku_105,lavado,1578305.44,tienda_norte,efectivo
tx_0052,cli_124,2023-11-09,sku_141,lavado,3018486.79,tienda_sur,tarjeta_credito
tx_0053,cli_090,2024-07-22,sku_134,lavado,3166542.86,tienda_sur,tarjeta_debito
tx_0054,cli_122,2023-06-21,sku_124,lavado,812918.08,tienda_sur,tarjeta_credito
tx_0055,cli_025,2024-09-26,sku_111,refrigeracion,2615849.23,tienda_sur,efectivo
tx_0056,cli_113,2023-06-11,sku_123,lavado,3663493.98,tienda_occidente,credito_propio_retail
tx_0057,cli_185,2025-11-13,sku_124,refrigeracion,4320166.31,tienda_sur,efectivo
tx_0058,cli_179,2024-02-21,sku_123,coccion,883581.87,tienda_occidente,efectivo
tx_0059,cli_116,2023-11-15,sku_111,refrigeracion,1512484.3,tienda_sur,credito_propio_retail
tx_0060,cli_082,2026-01-03,sku_128,pequenos_electrodomesticos,3567621.49,tienda_occidente,tarjeta_credito
tx_0061,cli_018,2024-10-31,sku_102,coccion,3248066.2,tienda_occidente,tarjeta_credito
tx_0062,cli_077,2025-03-11,sku_116,refrigeracion,2937647.67,tienda_norte,efectivo
tx_0063,cli_012,2023-05-16,sku_128,refrigeracion,1353557.28,tienda_norte,efectivo
tx_0064,cli_182,2024-09-27,sku_129,refrigeracion,1713764.1,tienda_centro,tarjeta_credito
tx_0065,cli_030,2025-06-14,sku_116,refrigeracion,3106173.78,tienda_norte,credito_propio_retail
tx_0066,cli_006,2024-05-03,sku_114,refrigeracion,1592298.83,tienda_norte,tarjeta_debito
tx_0067,cli_088,2023-04-29,sku_117,refrigeracion,2237799.77,tienda_sur,credito_propio_retail
tx_0068,cli_166,2024-05-15,sku_136,pequenos_electrodomesticos,2087307.19,tienda_centro,efectivo
tx_0069,cli_028,2023-06-26,sku_103,pequenos_electrodomesticos,3520236.28,tienda_norte,tarjeta_credito
tx_0070,cli_174,2025-06-08,sku_109,pequenos_electrodomesticos,2268325.51,tienda_norte,credito_propio_retail
tx_0071,cli_043,2023-08-26,sku_148,refrigeracion,623421.97,tienda_occidente,efectivo
tx_0072,cli_190,2025-07-17,sku_144,coccion,2958149.48,tienda_centro,tarjeta_debito
tx_0073,cli_063,2023-04-23,sku_142,pequenos_electrodomesticos,506585.56,tienda_centro,tarjeta_debito
tx_0074,cli_133,2024-09-25,sku_106,lavado,1370679.34,tienda_centro,credito_propio_retail
tx_0075,cli_045,2023-12-26,sku_105,lavado,3745029.98,tienda_occidente,efectivo
tx_0076,cli_142,2023-09-02,sku_142,refrigeracion,4027142.12,tienda_centro,efectivo
tx_0077,cli_041,2023-01-26,sku_122,coccion,1004478.89,tienda_centro,tarjeta_debito
tx_0078,cli_085,2023-10-09,sku_134,pequenos_electrodomesticos,3340919.08,tienda_occidente,tarjeta_credito
tx_0079,cli_144,2023-01-24,sku_126,refrigeracion,2875792.15,tienda_centro,tarjeta_credito
tx_0080,cli_110,2023-12-02,sku_148,coccion,3314300.35,tienda_centro,credito_propio_retail
tx_0081,cli_119,2025-10-13,sku_137,lavado,4030657.55,tienda_sur,credito_propio_retail
tx_0082,cli_060,2024-12-11,sku_114,pequenos_electrodomesticos,3845704.64,tienda_norte,tarjeta_debito
tx_0083,cli_104,2025-12-07,sku_135,refrigeracion,2897575.25,tienda_centro,efectivo
tx_0084,cli_162,2025-11-25,sku_103,refrigeracion,3684994.44,tienda_occidente,tarjeta_credito
tx_0085,cli_048,2024-06-14,sku_124,coccion,2668218.42,tienda_sur,tarjeta_credito
tx_0086,cli_048,2023-12-08,sku_133,refrigeracion,3496021.11,tienda_norte,tarjeta_credito
tx_0087,cli_164,2025-01-31,sku_126,refrigeracion,1075508.98,tienda_norte,tarjeta_credito
tx_0088,cli_169,2023-09-17,sku_134,pequenos_electrodomesticos,309454.95,tienda_sur,tarjeta_debito
tx_0089,cli_111,2024-07-04,sku_143,lavado,1283681.0,tienda_occidente,tarjeta_credito
tx_0090,cli_102,2023-08-30,sku_130,lavado,4038838.82,tienda_norte,efectivo
tx_0091,cli_008,2023-03-02,sku_136,coccion,2497595.46,tienda_norte,tarjeta_credito
tx_0092,cli_189,2024-11-17,sku_115,lavado,2994500.41,tienda_norte,credito_propio_retail
tx_0093,cli_158,2025-05-29,sku_130,coccion,796553.48,tienda_centro,efectivo
tx_0094,cli_051,2024-07-11,sku_119,pequenos_electrodomesticos,1857367.8,tienda_centro,tarjeta_credito
tx_0095,cli_116,2025-12-08,sku_105,coccion,4027753.32,tienda_sur,tarjeta_debito
tx_0096,cli_152,2023-05-11,sku_125,lavado,2714763.28,tienda_sur,tarjeta_debito
tx_0097,cli_110,2024-06-22,sku_145,refrigeracion,3878664.07,tienda_occidente,tarjeta_credito
tx_0098,cli_100,2023-06-07,sku_102,pequenos_electrodomesticos,732383.48,tienda_occidente,credito_propio_retail
tx_0099,cli_002,2025-10-13,sku_132,lavado,2329885.8,tienda_sur,tarjeta_debito
tx_0100,cli_181,2025-07-21,sku_136,pequenos_electrodomesticos,543910.01,tienda_occidente,efectivo
tx_0101,cli_055,2025-11-12,sku_133,coccion,1732815.18,tienda_norte,credito_propio_retail
tx_0102,cli_053,2025-01-07,sku_136,lavado,196073.82,tienda_norte,tarjeta_debito
tx_0103,cli_072,2023-04-24,sku_143,refrigeracion,1189131.5,tienda_occidente,credito_propio_retail
tx_0104,cli_193,2025-10-20,sku_139,refrigeracion,4343401.17,tienda_occidente,tarjeta_debito
tx_0105,cli_181,2023-12-08,sku_109,refrigeracion,4421061.42,tienda_sur,tarjeta_debito
tx_0106,cli_017,2025-01-23,sku_107,refrigeracion,3126103.21,tienda_sur,credito_propio_retail
tx_0107,cli_148,2023-11-19,sku_148,pequenos_electrodomesticos,3443846.41,tienda_occidente,tarjeta_credito
tx_0108,cli_027,2024-06-06,sku_128,lavado,760612.51,tienda_norte,tarjeta_credito
tx_0109,cli_138,2023-07-30,sku_111,refrigeracion,842617.52,tienda_centro,credito_propio_retail
tx_0110,cli_048,2023-08-25,sku_110,refrigeracion,2613654.06,tienda_occidente,tarjeta_debito
tx_0111,cli_094,2024-04-12,sku_113,refrigeracion,2611284.52,tienda_sur,tarjeta_debito
tx_0112,cli_084,2025-11-08,sku_112,coccion,3944048.92,tienda_sur,tarjeta_debito
tx_0113,cli_051,2023-01-06,sku_108,lavado,785965.88,tienda_occidente,tarjeta_debito
tx_0114,cli_118,2023-04-01,sku_102,pequenos_electrodomesticos,3334219.47,tienda_sur,tarjeta_debito
tx_0115,cli_030,2023-01-26,sku_127,coccion,4235412.37,tienda_norte,tarjeta_credito
tx_0116,cli_068,2024-05-15,sku_105,coccion,325826.24,tienda_sur,tarjeta_debito
tx_0117,cli_172,2023-04-05,sku_143,pequenos_electrodomesticos,3462404.84,tienda_centro,credito_propio_retail
tx_0118,cli_126,2025-08-24,sku_127,refrigeracion,1158112.1,tienda_centro,tarjeta_debito
tx_0119,cli_136,2025-01-15,sku_112,refrigeracion,1299953.45,tienda_norte,tarjeta_debito
tx_0120,cli_164,2025-02-23,sku_140,lavado,1167981.21,tienda_sur,tarjeta_credito
tx_0121,cli_081,2023-11-04,sku_109,refrigeracion,3058347.36,tienda_sur,efectivo
tx_0122,cli_153,2024-01-02,sku_138,coccion,2402800.75,tienda_occidente,efectivo
tx_0123,cli_100,2023-03-14,sku_116,coccion,3592852.99,tienda_centro,tarjeta_debito
tx_0124,cli_157,2025-05-08,sku_120,coccion,1838205.03,tienda_occidente,tarjeta_credito
tx_0125,cli_101,2024-04-04,sku_146,pequenos_electrodomesticos,4142873.46,tienda_occidente,tarjeta_debito
tx_0126,cli_151,2024-10-21,sku_104,refrigeracion,3984751.12,tienda_sur,efectivo
tx_0127,cli_030,2024-05-23,sku_105,refrigeracion,323585.44,tienda_centro,tarjeta_credito
tx_0128,cli_090,2025-05-02,sku_124,refrigeracion,2971082.66,tienda_occidente,credito_propio_retail
tx_0129,cli_091,2024-10-17,sku_135,refrigeracion,599028.81,tienda_sur,credito_propio_retail
tx_0130,cli_118,2024-07-09,sku_125,lavado,4362720.09,tienda_norte,tarjeta_credito
tx_0131,cli_159,2023-06-09,sku_135,lavado,2906016.37,tienda_centro,credito_propio_retail
tx_0132,cli_045,2025-02-02,sku_120,coccion,1339704.62,tienda_sur,tarjeta_credito
tx_0133,cli_173,2023-09-02,sku_117,coccion,3377307.23,tienda_norte,tarjeta_debito
tx_0134,cli_181,2025-10-25,sku_133,pequenos_electrodomesticos,2667046.74,tienda_occidente,tarjeta_debito
tx_0135,cli_077,2023-04-18,sku_129,coccion,2630196.66,tienda_occidente,efectivo
tx_0136,cli_158,2024-01-03,sku_100,refrigeracion,1788469.13,tienda_occidente,tarjeta_debito
tx_0137,cli_152,2024-04-02,sku_150,coccion,1796555.55,tienda_norte,tarjeta_debito
tx_0138,cli_022,2025-11-22,sku_144,coccion,2706402.89,tienda_norte,efectivo
tx_0139,cli_173,2023-04-05,sku_139,lavado,4057285.79,tienda_occidente,tarjeta_credito
tx_0140,cli_035,2025-04-01,sku_137,refrigeracion,488593.0,tienda_occidente,tarjeta_debito
tx_0141,cli_081,2023-05-22,sku_133,pequenos_electrodomesticos,1244400.88,tienda_norte,tarjeta_debito
tx_0142,cli_031,2025-08-10,sku_150,pequenos_electrodomesticos,4381132.37,tienda_sur,tarjeta_debito
tx_0143,cli_062,2024-08-01,sku_126,pequenos_electrodomesticos,1119611.76,tienda_centro,efectivo
tx_0144,cli_079,2024-09-28,sku_107,coccion,1915413.58,tienda_occidente,tarjeta_credito
tx_0145,cli_030,2024-11-01,sku_126,pequenos_electrodomesticos,3704979.93,tienda_norte,efectivo
tx_0146,cli_047,2023-06-26,sku_109,pequenos_electrodomesticos,1650890.61,tienda_sur,credito_propio_retail
tx_0147,cli_096,2025-07-24,sku_109,pequenos_electrodomesticos,3598059.92,tienda_sur,tarjeta_debito
tx_0148,cli_178,2023-01-17,sku_136,lavado,4009197.95,tienda_sur,credito_propio_retail
tx_0149,cli_037,2025-01-25,sku_137,refrigeracion,178699.94,tienda_occidente,tarjeta_credito
tx_0150,cli_131,2024-02-15,sku_137,lavado,3986848.96,tienda_norte,tarjeta_debito
tx_0151,cli_100,2024-08-20,sku_148,refrigeracion,2063559.35,tienda_centro,credito_propio_retail
tx_0152,cli_108,2024-09-14,sku_106,lavado,1150459.83,tienda_norte,credito_propio_retail
tx_0153,cli_153,2024-05-11,sku_106,refrigeracion,2388254.54,tienda_norte,credito_propio_retail
tx_0154,cli_036,2025-08-08,sku_136,pequenos_electrodomesticos,1371521.36,tienda_sur,tarjeta_debito
tx_0155,cli_148,2025-01-24,sku_149,pequenos_electrodomesticos,803545.77,tienda_centro,tarjeta_debito
tx_0156,cli_099,2025-10-07,sku_106,pequenos_electrodomesticos,834504.48,tienda_occidente,tarjeta_debito
tx_0157,cli_109,2024-02-05,sku_150,lavado,2768788.2,tienda_occidente,tarjeta_debito
tx_0158,cli_048,2024-05-17,sku_118,pequenos_electrodomesticos,3703754.58,tienda_sur,efectivo
tx_0159,cli_125,2023-11-05,sku_134,coccion,3025826.95,tienda_occidente,credito_propio_retail
tx_0160,cli_163,2023-01-14,sku_122,refrigeracion,1953569.53,tienda_norte,efectivo
tx_0161,cli_138,2025-04-19,sku_126,lavado,1586477.73,tienda_sur,tarjeta_credito
tx_0162,cli_178,2023-02-18,sku_116,pequenos_electrodomesticos,643023.33,tienda_centro,credito_propio_retail
tx_0163,cli_166,2024-04-22,sku_124,pequenos_electrodomesticos,3087248.0,tienda_norte,tarjeta_debito
tx_0164,cli_045,2024-12-10,sku_141,refrigeracion,2233742.06,tienda_centro,tarjeta_debito
tx_0165,cli_143,2023-01-20,sku_131,pequenos_electrodomesticos,2719940.41,tienda_centro,tarjeta_debito
tx_0166,cli_043,2024-11-17,sku_136,pequenos_electrodomesticos,2965577.67,tienda_norte,efectivo
tx_0167,cli_126,2023-01-03,sku_138,refrigeracion,1937411.55,tienda_centro,tarjeta_debito
tx_0168,cli_074,2025-02-09,sku_130,refrigeracion,1209965.84,tienda_sur,credito_propio_retail
tx_0169,cli_036,2024-09-21,sku_102,coccion,706300.25,tienda_sur,credito_propio_retail
tx_0170,cli_048,2023-08-01,sku_111,coccion,2726712.32,tienda_norte,tarjeta_credito
tx_0171,cli_081,2024-02-25,sku_117,refrigeracion,736049.61,tienda_occidente,credito_propio_retail
tx_0172,cli_116,2025-12-21,sku_125,lavado,2379996.25,tienda_centro,tarjeta_debito
tx_0173,cli_159,2024-05-02,sku_109,coccion,4024969.87,tienda_norte,credito_propio_retail
tx_0174,cli_014,2025-05-09,sku_139,refrigeracion,788863.19,tienda_centro,credito_propio_retail
tx_0175,cli_092,2025-10-04,sku_138,pequenos_electrodomesticos,873584.94,tienda_norte,efectivo
tx_0176,cli_003,2023-05-03,sku_143,lavado,4162643.89,tienda_centro,credito_propio_retail
tx_0177,cli_125,2023-10-19,sku_144,pequenos_electrodomesticos,2397387.01,tienda_occidente,tarjeta_credito
tx_0178,cli_035,2024-07-27,sku_125,coccion,1913734.98,tienda_norte,credito_propio_retail
tx_0179,cli_050,2023-07-10,sku_102,pequenos_electrodomesticos,4366210.04,tienda_sur,efectivo
tx_0180,cli_099,2023-03-31,sku_125,lavado,2923658.77,tienda_occidente,efectivo
tx_0181,cli_144,2024-04-19,sku_121,refrigeracion,3971514.08,tienda_sur,credito_propio_retail
tx_0182,cli_130,2025-11-30,sku_144,refrigeracion,3316688.27,tienda_occidente,credito_propio_retail
tx_0183,cli_168,2025-04-25,sku_115,lavado,3722669.4,tienda_sur,efectivo
tx_0184,cli_127,2025-02-01,sku_103,pequenos_electrodomesticos,4270554.33,tienda_occidente,tarjeta_debito
tx_0185,cli_105,2025-07-27,sku_147,pequenos_electrodomesticos,1092181.37,tienda_centro,credito_propio_retail
tx_0186,cli_176,2023-06-23,sku_130,lavado,2788387.66,tienda_sur,efectivo
tx_0187,cli_126,2023-07-15,sku_117,refrigeracion,2200648.53,tienda_centro,credito_propio_retail
tx_0188,cli_107,2025-11-01,sku_123,pequenos_electrodomesticos,2245257.54,tienda_norte,efectivo
tx_0189,cli_182,2023-10-01,sku_101,coccion,1104232.59,tienda_centro,tarjeta_debito
tx_0190,cli_114,2025-03-18,sku_121,lavado,1936835.81,tienda_sur,tarjeta_credito
tx_0191,cli_126,2023-06-03,sku_150,coccion,770797.8,tienda_occidente,credito_propio_retail
tx_0192,cli_043,2023-05-08,sku_119,coccion,2684510.7,tienda_centro,credito_propio_retail
tx_0193,cli_022,2025-06-09,sku_119,refrigeracion,3488581.99,tienda_occidente,tarjeta_credito
tx_0194,cli_145,2023-09-25,sku_117,lavado,2860971.06,tienda_norte,tarjeta_credito
tx_0195,cli_008,2024-04-29,sku_131,pequenos_electrodomesticos,2372001.35,tienda_norte,credito_propio_retail
tx_0196,cli_195,2024-08-20,sku_144,pequenos_electrodomesticos,879589.4,tienda_sur,tarjeta_debito
tx_0197,cli_057,2024-06-18,sku_143,lavado,3132321.56,tienda_occidente,credito_propio_retail
tx_0198,cli_075,2024-10-07,sku_106,refrigeracion,4162230.96,tienda_centro,tarjeta_credito
tx_0199,cli_009,2025-03-15,sku_114,pequenos_electrodomesticos,2744920.13,tienda_centro,efectivo
tx_0200,cli_071,2024-10-30,sku_108,pequenos_electrodomesticos,449466.6,tienda_norte,tarjeta_debito
tx_0201,cli_058,2024-10-13,sku_119,pequenos_electrodomesticos,1795219.38,tienda_occidente,credito_propio_retail
tx_0202,cli_138,2025-07-16,sku_147,refrigeracion,725127.41,tienda_occidente,credito_propio_retail
tx_0203,cli_074,2024-07-10,sku_128,pequenos_electrodomesticos,222047.43,tienda_norte,efectivo
tx_0204,cli_044,2024-04-23,sku_149,pequenos_electrodomesticos,2423794.34,tienda_centro,efectivo
tx_0205,cli_200,2023-06-02,sku_120,coccion,4105625.62,tienda_norte,tarjeta_debito
tx_0206,cli_118,2024-02-20,sku_117,refrigeracion,3127000.07,tienda_occidente,tarjeta_debito
tx_0207,cli_145,2023-10-06,sku_146,pequenos_electrodomesticos,3745336.71,tienda_centro,credito_propio_retail
tx_0208,cli_191,2023-08-12,sku_126,refrigeracion,2783972.93,tienda_norte,credito_propio_retail
tx_0209,cli_198,2023-11-15,sku_138,refrigeracion,921786.5,tienda_occidente,tarjeta_credito
tx_0210,cli_197,2023-08-05,sku_141,pequenos_electrodomesticos,4071995.75,tienda_occidente,credito_propio_retail
tx_0211,cli_127,2023-12-03,sku_105,pequenos_electrodomesticos,2759190.02,tienda_sur,efectivo
tx_0212,cli_141,2025-07-09,sku_112,refrigeracion,3968223.97,tienda_sur,tarjeta_debito
tx_0213,cli_131,2025-08-12,sku_128,refrigeracion,2461720.28,tienda_norte,credito_propio_retail
tx_0214,cli_029,2024-10-05,sku_113,refrigeracion,3422866.71,tienda_centro,tarjeta_debito
tx_0215,cli_147,2025-04-12,sku_126,coccion,555376.35,tienda_centro,credito_propio_retail
tx_0216,cli_030,2023-09-05,sku_147,lavado,3018357.86,tienda_sur,efectivo
tx_0217,cli_069,2026-01-02,sku_131,pequenos_electrodomesticos,4073633.69,tienda_occidente,tarjeta_credito
tx_0218,cli_199,2025-01-03,sku_148,coccion,2495894.04,tienda_sur,tarjeta_credito
tx_0219,cli_140,2024-03-01,sku_133,coccion,155220.9,tienda_norte,tarjeta_debito
tx_0220,cli_094,2025-07-14,sku_123,refrigeracion,4229146.56,tienda_sur,efectivo
tx_0221,cli_139,2024-09-23,sku_103,lavado,3101733.22,tienda_centro,efectivo
tx_0222,cli_194,2025-08-06,sku_132,pequenos_electrodomesticos,2027011.19,tienda_norte,efectivo
tx_0223,cli_011,2024-06-26,sku_150,coccion,1979975.49,tienda_centro,credito_propio_retail
tx_0224,cli_195,2023-09-03,sku_110,pequenos_electrodomesticos,3955485.71,tienda_norte,tarjeta_credito
tx_0225,cli_185,2023-07-05,sku_104,coccion,3184746.21,tienda_occidente,efectivo
tx_0226,cli_113,2023-11-19,sku_119,pequenos_electrodomesticos,2015959.75,tienda_sur,credito_propio_retail
tx_0227,cli_140,2024-09-15,sku_145,refrigeracion,4232134.08,tienda_centro,tarjeta_debito
tx_0228,cli_056,2023-03-24,sku_132,refrigeracion,2247237.0,tienda_norte,credito_propio_retail
tx_0229,cli_109,2024-03-16,sku_125,lavado,3493721.77,tienda_sur,credito_propio_retail
tx_0230,cli_027,2024-11-02,sku_108,refrigeracion,1674752.49,tienda_centro,efectivo
tx_0231,cli_189,2023-10-31,sku_149,coccion,3650101.52,tienda_occidente,tarjeta_debito
tx_0232,cli_168,2023-07-06,sku_133,coccion,4099186.11,tienda_norte,tarjeta_credito
tx_0233,cli_193,2024-05-23,sku_136,coccion,3791778.74,tienda_centro,tarjeta_debito
tx_0234,cli_064,2024-12-29,sku_101,coccion,2656125.55,tienda_centro,tarjeta_debito
tx_0235,cli_077,2025-03-22,sku_111,refrigeracion,2000878.88,tienda_occidente,tarjeta_debito
tx_0236,cli_009,2025-11-17,sku_112,refrigeracion,1257153.42,tienda_norte,tarjeta_debito
tx_0237,cli_116,2023-04-11,sku_112,lavado,3481486.17,tienda_sur,efectivo
tx_0238,cli_068,2024-09-04,sku_103,pequenos_electrodomesticos,4108871.3,tienda_centro,credito_propio_retail
tx_0239,cli_090,2024-06-16,sku_115,lavado,514606.48,tienda_norte,tarjeta_credito
tx_0240,cli_023,2023-12-23,sku_102,pequenos_electrodomesticos,2752571.72,tienda_norte,tarjeta_credito
tx_0241,cli_113,2023-03-05,sku_129,refrigeracion,2515229.95,tienda_occidente,credito_propio_retail
tx_0242,cli_031,2025-04-08,sku_103,coccion,1271451.65,tienda_centro,tarjeta_credito
tx_0243,cli_199,2025-07-15,sku_123,lavado,173792.13,tienda_sur,tarjeta_debito
tx_0244,cli_061,2024-05-26,sku_145,lavado,3384858.71,tienda_centro,efectivo
tx_0245,cli_054,2023-07-13,sku_112,refrigeracion,180946.25,tienda_centro,tarjeta_debito
tx_0246,cli_189,2025-08-04,sku_117,pequenos_electrodomesticos,2423051.74,tienda_sur,tarjeta_debito
tx_0247,cli_151,2023-07-28,sku_123,lavado,2410964.03,tienda_norte,efectivo
tx_0248,cli_177,2023-10-14,sku_129,pequenos_electrodomesticos,1781379.99,tienda_centro,tarjeta_credito
tx_0249,cli_090,2023-09-06,sku_132,lavado,1043571.33,tienda_norte,efectivo
tx_0250,cli_182,2023-01-25,sku_125,coccion,3648649.11,tienda_occidente,credito_propio_retail
tx_0251,cli_157,2023-05-07,sku_140,refrigeracion,1928476.09,tienda_norte,credito_propio_retail
tx_0252,cli_162,2024-03-31,sku_107,pequenos_electrodomesticos,613636.99,tienda_sur,credito_propio_retail
tx_0253,cli_110,2023-09-25,sku_143,refrigeracion,2003411.41,tienda_sur,efectivo
tx_0254,cli_043,2024-02-10,sku_101,refrigeracion,2696360.3,tienda_occidente,credito_propio_retail
tx_0255,cli_158,2025-03-31,sku_115,pequenos_electrodomesticos,1286667.59,tienda_norte,tarjeta_debito
tx_0256,cli_036,2025-02-01,sku_123,pequenos_electrodomesticos,2482056.28,tienda_centro,tarjeta_debito
tx_0257,cli_053,2023-06-22,sku_131,lavado,2606315.53,tienda_occidente,credito_propio_retail
tx_0258,cli_053,2024-06-14,sku_138,pequenos_electrodomesticos,2811680.94,tienda_sur,credito_propio_retail
tx_0259,cli_016,2023-06-03,sku_128,refrigeracion,4464324.23,tienda_norte,credito_propio_retail
tx_0260,cli_146,2023-02-14,sku_111,refrigeracion,1878925.54,tienda_sur,credito_propio_retail
tx_0261,cli_090,2023-05-13,sku_130,pequenos_electrodomesticos,1036067.43,tienda_centro,efectivo
tx_0262,cli_137,2024-02-09,sku_137,pequenos_electrodomesticos,2551656.53,tienda_occidente,efectivo
tx_0263,cli_072,2025-06-27,sku_135,lavado,2575397.64,tienda_occidente,tarjeta_debito
tx_0264,cli_153,2023-09-21,sku_122,lavado,927430.25,tienda_sur,tarjeta_credito
tx_0265,cli_138,2023-07-08,sku_122,lavado,2582058.16,tienda_occidente,tarjeta_debito
tx_0266,cli_044,2024-11-10,sku_110,refrigeracion,2254356.69,tienda_norte,efectivo
tx_0267,cli_083,2023-09-08,sku_116,pequenos_electrodomesticos,4450010.95,tienda_norte,tarjeta_debito
tx_0268,cli_181,2023-03-29,sku_147,coccion,2662782.52,tienda_sur,tarjeta_debito
tx_0269,cli_075,2025-08-02,sku_144,pequenos_electrodomesticos,3517746.01,tienda_sur,efectivo
tx_0270,cli_075,2023-04-14,sku_105,pequenos_electrodomesticos,1881864.42,tienda_occidente,tarjeta_credito
tx_0271,cli_147,2023-12-11,sku_118,lavado,750598.06,tienda_sur,efectivo
tx_0272,cli_069,2025-06-06,sku_101,coccion,3907662.79,tienda_norte,tarjeta_debito
tx_0273,cli_132,2025-03-19,sku_124,pequenos_electrodomesticos,668023.08,tienda_centro,efectivo
tx_0274,cli_174,2025-10-13,sku_103,coccion,1149505.17,tienda_norte,tarjeta_credito
tx_0275,cli_025,2023-03-02,sku_110,coccion,3556525.28,tienda_occidente,tarjeta_credito
tx_0276,cli_035,2025-02-22,sku_136,pequenos_electrodomesticos,4279216.53,tienda_sur,efectivo
tx_0277,cli_193,2025-05-23,sku_149,lavado,586211.99,tienda_sur,efectivo
tx_0278,cli_106,2023-12-20,sku_113,lavado,2361294.41,tienda_sur,efectivo
tx_0279,cli_016,2024-12-25,sku_114,pequenos_electrodomesticos,3569452.88,tienda_occidente,credito_propio_retail
tx_0280,cli_071,2024-03-15,sku_141,coccion,3633713.74,tienda_centro,tarjeta_debito
tx_0281,cli_168,2024-01-19,sku_114,coccion,2821010.35,tienda_occidente,tarjeta_debito
tx_0282,cli_033,2024-07-17,sku_143,lavado,3127855.34,tienda_norte,tarjeta_credito
tx_0283,cli_180,2024-07-27,sku_113,lavado,376429.67,tienda_centro,tarjeta_debito
tx_0284,cli_034,2025-07-02,sku_117,lavado,1842601.01,tienda_sur,credito_propio_retail
tx_0285,cli_064,2023-11-01,sku_141,coccion,2916063.29,tienda_norte,tarjeta_credito
tx_0286,cli_038,2023-03-12,sku_126,coccion,3649006.72,tienda_sur,efectivo
tx_0287,cli_183,2024-05-18,sku_132,lavado,3731161.28,tienda_centro,efectivo
tx_0288,cli_083,2024-08-27,sku_101,lavado,2201758.67,tienda_occidente,tarjeta_credito
tx_0289,cli_064,2025-10-18,sku_149,coccion,2761067.67,tienda_norte,tarjeta_credito
tx_0290,cli_195,2025-04-23,sku_149,refrigeracion,533412.0,tienda_occidente,tarjeta_credito
tx_0291,cli_174,2025-09-08,sku_143,coccion,1294450.19,tienda_norte,credito_propio_retail
tx_0292,cli_101,2023-05-05,sku_100,pequenos_electrodomesticos,1763132.8,tienda_sur,efectivo
tx_0293,cli_126,2023-06-29,sku_130,pequenos_electrodomesticos,2799275.55,tienda_sur,credito_propio_retail
tx_0294,cli_037,2024-07-26,sku_108,coccion,3301552.0,tienda_occidente,efectivo
tx_0295,cli_148,2025-02-23,sku_141,pequenos_electrodomesticos,4198479.71,tienda_sur,tarjeta_credito
tx_0296,cli_162,2023-10-09,sku_111,refrigeracion,1892805.13,tienda_centro,credito_propio_retail
tx_0297,cli_069,2025-05-08,sku_138,refrigeracion,3004362.25,tienda_centro,tarjeta_debito
tx_0298,cli_161,2024-02-13,sku_100,refrigeracion,1396141.17,tienda_centro,efectivo
tx_0299,cli_107,2025-12-12,sku_114,pequenos_electrodomesticos,4341354.73,tienda_centro,tarjeta_credito
tx_0300,cli_097,2024-05-25,sku_116,lavado,399964.2,tienda_norte,tarjeta_credito
tx_0301,cli_116,2023-02-09,sku_138,refrigeracion,3515196.77,tienda_norte,credito_propio_retail
tx_0302,cli_020,2025-02-22,sku_119,refrigeracion,912429.41,tienda_centro,tarjeta_debito
tx_0303,cli_163,2025-01-05,sku_145,lavado,2300502.44,tienda_norte,tarjeta_debito
tx_0304,cli_197,2025-09-09,sku_145,coccion,196590.23,tienda_centro,efectivo
tx_0305,cli_024,2025-09-19,sku_141,lavado,3849969.22,tienda_occidente,efectivo
tx_0306,cli_104,2024-12-05,sku_117,coccion,4198799.33,tienda_norte,efectivo
tx_0307,cli_132,2025-10-25,sku_127,coccion,2403966.78,tienda_centro,credito_propio_retail
tx_0308,cli_192,2024-10-20,sku_124,lavado,997147.25,tienda_centro,tarjeta_credito
tx_0309,cli_072,2025-03-06,sku_122,refrigeracion,3560223.59,tienda_occidente,credito_propio_retail
tx_0310,cli_178,2024-07-07,sku_129,coccion,2370883.15,tienda_occidente,tarjeta_credito
tx_0311,cli_095,2024-01-04,sku_116,lavado,3188256.34,tienda_sur,tarjeta_credito
tx_0312,cli_117,2023-02-23,sku_113,refrigeracion,2826076.44,tienda_centro,tarjeta_credito
tx_0313,cli_125,2024-10-15,sku_129,coccion,3082006.06,tienda_sur,tarjeta_debito
tx_0314,cli_084,2024-03-24,sku_119,pequenos_electrodomesticos,1714868.99,tienda_norte,credito_propio_retail
tx_0315,cli_149,2023-03-02,sku_143,refrigeracion,2999333.17,tienda_centro,credito_propio_retail
tx_0316,cli_001,2024-07-29,sku_133,lavado,4394059.67,tienda_centro,credito_propio_retail
tx_0317,cli_199,2023-04-30,sku_139,pequenos_electrodomesticos,527766.23,tienda_norte,tarjeta_debito
tx_0318,cli_188,2025-08-24,sku_125,lavado,1350325.39,tienda_occidente,tarjeta_debito
tx_0319,cli_024,2025-12-20,sku_137,coccion,1887536.55,tienda_centro,tarjeta_credito
tx_0320,cli_188,2025-01-02,sku_106,refrigeracion,3063029.9,tienda_occidente,tarjeta_debito
tx_0321,cli_118,2024-04-21,sku_100,pequenos_electrodomesticos,1913711.71,tienda_centro,efectivo
tx_0322,cli_163,2023-11-23,sku_132,pequenos_electrodomesticos,1021350.17,tienda_sur,efectivo
tx_0323,cli_171,2023-07-25,sku_142,pequenos_electrodomesticos,216844.37,tienda_occidente,efectivo
tx_0324,cli_179,2024-05-22,sku_123,coccion,3210755.37,tienda_sur,credito_propio_retail
tx_0325,cli_092,2024-05-08,sku_135,refrigeracion,4148421.78,tienda_centro,efectivo
tx_0326,cli_017,2024-06-29,sku_141,refrigeracion,2540728.04,tienda_sur,tarjeta_debito
tx_0327,cli_137,2025-12-28,sku_138,coccion,3308703.39,tienda_centro,credito_propio_retail
tx_0328,cli_102,2023-04-25,sku_138,lavado,2582145.32,tienda_centro,credito_propio_retail
tx_0329,cli_056,2024-03-25,sku_118,pequenos_electrodomesticos,2685756.01,tienda_sur,efectivo
tx_0330,cli_110,2025-03-06,sku_119,lavado,1661516.64,tienda_centro,tarjeta_credito
tx_0331,cli_055,2024-12-27,sku_143,coccion,3697489.73,tienda_norte,tarjeta_credito
tx_0332,cli_127,2023-12-22,sku_106,lavado,1134385.48,tienda_centro,tarjeta_debito
tx_0333,cli_069,2023-12-27,sku_130,lavado,4339298.56,tienda_centro,efectivo
tx_0334,cli_083,2024-04-29,sku_104,coccion,2128201.69,tienda_norte,tarjeta_debito
tx_0335,cli_073,2024-10-13,sku_121,pequenos_electrodomesticos,1907210.64,tienda_occidente,tarjeta_credito
tx_0336,cli_087,2025-01-04,sku_117,lavado,170233.81,tienda_norte,tarjeta_credito
tx_0337,cli_141,2023-02-27,sku_140,refrigeracion,911401.32,tienda_norte,efectivo
tx_0338,cli_148,2024-12-21,sku_120,lavado,2352135.72,tienda_norte,tarjeta_credito
tx_0339,cli_034,2023-10-19,sku_117,lavado,2580043.6,tienda_norte,tarjeta_credito
tx_0340,cli_145,2024-01-21,sku_116,refrigeracion,2338785.87,tienda_occidente,tarjeta_credito
tx_0341,cli_125,2025-10-05,sku_141,pequenos_electrodomesticos,1628851.64,tienda_centro,efectivo
tx_0342,cli_088,2024-09-24,sku_145,refrigeracion,658989.14,tienda_sur,efectivo
tx_0343,cli_175,2023-12-26,sku_141,pequenos_electrodomesticos,2382797.09,tienda_occidente,tarjeta_credito
tx_0344,cli_196,2025-10-01,sku_119,coccion,1270966.23,tienda_occidente,tarjeta_credito
tx_0345,cli_013,2023-03-19,sku_112,coccion,2489879.74,tienda_centro,credito_propio_retail
tx_0346,cli_012,2023-07-04,sku_109,lavado,3601243.27,tienda_norte,efectivo
tx_0347,cli_026,2023-04-26,sku_133,lavado,1238115.49,tienda_norte,tarjeta_debito
tx_0348,cli_161,2024-04-21,sku_148,coccion,2076043.59,tienda_occidente,tarjeta_debito
tx_0349,cli_118,2024-03-24,sku_115,refrigeracion,1790299.22,tienda_sur,tarjeta_credito
tx_0350,cli_005,2023-02-10,sku_103,coccion,2253790.05,tienda_norte,tarjeta_credito
tx_0351,cli_032,2025-12-14,sku_138,pequenos_electrodomesticos,1208238.67,tienda_occidente,credito_propio_retail
tx_0352,cli_041,2025-09-05,sku_125,lavado,1627524.32,tienda_sur,credito_propio_retail
tx_0353,cli_113,2023-01-02,sku_142,refrigeracion,3523854.8,tienda_sur,efectivo
tx_0354,cli_117,2024-11-10,sku_120,lavado,3114936.83,tienda_sur,tarjeta_debito
tx_0355,cli_001,2024-02-17,sku_143,coccion,4049878.63,tienda_sur,credito_propio_retail
tx_0356,cli_110,2023-09-25,sku_108,refrigeracion,3899801.26,tienda_occidente,tarjeta_debito
tx_0357,cli_052,2024-11-28,sku_146,coccion,2246570.2,tienda_occidente,credito_propio_retail
tx_0358,cli_177,2023-12-30,sku_101,pequenos_electrodomesticos,1271515.98,tienda_sur,tarjeta_credito
tx_0359,cli_034,2024-10-24,sku_141,coccion,1814628.62,tienda_norte,credito_propio_retail
tx_0360,cli_167,2023-05-02,sku_131,refrigeracion,3580653.68,tienda_norte,credito_propio_retail
tx_0361,cli_078,2023-02-14,sku_118,coccion,1108663.1,tienda_occidente,efectivo
tx_0362,cli_041,2023-10-30,sku_116,lavado,3200116.04,tienda_sur,tarjeta_credito
tx_0363,cli_071,2023-10-18,sku_126,lavado,3630702.06,tienda_sur,tarjeta_credito
tx_0364,cli_024,2023-08-16,sku_125,refrigeracion,1944052.98,tienda_occidente,efectivo
tx_0365,cli_168,2025-12-13,sku_124,lavado,1685968.75,tienda_occidente,tarjeta_debito
tx_0366,cli_093,2025-01-17,sku_147,pequenos_electrodomesticos,2480085.8,tienda_occidente,tarjeta_credito
tx_0367,cli_065,2023-05-29,sku_102,pequenos_electrodomesticos,3198560.7,tienda_centro,tarjeta_credito
tx_0368,cli_022,2025-02-04,sku_137,refrigeracion,1295571.16,tienda_centro,efectivo
tx_0369,cli_096,2025-03-21,sku_145,coccion,1399709.69,tienda_sur,tarjeta_debito
tx_0370,cli_171,2023-07-26,sku_136,lavado,1885348.27,tienda_centro,tarjeta_credito
tx_0371,cli_167,2024-11-20,sku_112,lavado,3407228.37,tienda_norte,efectivo
tx_0372,cli_043,2024-09-10,sku_121,coccion,1637669.02,tienda_sur,tarjeta_credito
tx_0373,cli_014,2024-10-22,sku_146,coccion,2562299.04,tienda_centro,credito_propio_retail
tx_0374,cli_102,2023-10-07,sku_145,coccion,926413.0,tienda_sur,tarjeta_debito
tx_0375,cli_161,2023-11-19,sku_114,coccion,1515346.59,tienda_norte,credito_propio_retail
tx_0376,cli_079,2025-06-13,sku_143,lavado,1100762.68,tienda_norte,tarjeta_debito
tx_0377,cli_186,2025-09-24,sku_134,pequenos_electrodomesticos,2645649.89,tienda_sur,efectivo
tx_0378,cli_180,2024-10-11,sku_140,refrigeracion,945112.37,tienda_centro,tarjeta_credito
tx_0379,cli_194,2023-12-23,sku_150,refrigeracion,3395779.72,tienda_sur,tarjeta_credito
tx_0380,cli_060,2024-12-31,sku_130,coccion,4196610.4,tienda_norte,efectivo
tx_0381,cli_110,2024-04-02,sku_142,pequenos_electrodomesticos,977228.62,tienda_centro,tarjeta_credito
tx_0382,cli_168,2023-12-26,sku_122,lavado,3356438.28,tienda_centro,credito_propio_retail
tx_0383,cli_024,2025-02-13,sku_132,lavado,1171646.97,tienda_occidente,efectivo
tx_0384,cli_181,2024-09-20,sku_119,refrigeracion,1202945.85,tienda_sur,credito_propio_retail
tx_0385,cli_025,2024-08-26,sku_110,coccion,1304513.37,tienda_norte,tarjeta_debito
tx_0386,cli_001,2023-09-18,sku_142,pequenos_electrodomesticos,1147052.76,tienda_norte,tarjeta_credito
tx_0387,cli_055,2023-12-30,sku_135,refrigeracion,3781991.09,tienda_sur,credito_propio_retail
tx_0388,cli_123,2023-01-04,sku_111,pequenos_electrodomesticos,3788055.99,tienda_sur,tarjeta_credito
tx_0389,cli_020,2025-03-12,sku_118,coccion,1698719.07,tienda_norte,tarjeta_debito
tx_0390,cli_034,2023-03-08,sku_106,coccion,3538382.39,tienda_norte,tarjeta_credito
tx_0391,cli_152,2024-01-08,sku_130,refrigeracion,671471.44,tienda_sur,tarjeta_debito
tx_0392,cli_058,2024-10-13,sku_108,coccion,491420.94,tienda_sur,efectivo
tx_0393,cli_133,2024-03-28,sku_147,pequenos_electrodomesticos,4307641.63,tienda_centro,tarjeta_credito
tx_0394,cli_175,2023-08-02,sku_116,pequenos_electrodomesticos,2293092.16,tienda_occidente,efectivo
tx_0395,cli_114,2025-10-13,sku_146,refrigeracion,178812.99,tienda_norte,tarjeta_debito
tx_0396,cli_003,2023-10-16,sku_135,coccion,3878338.62,tienda_centro,efectivo
tx_0397,cli_003,2024-11-09,sku_148,lavado,4317269.94,tienda_sur,credito_propio_retail
tx_0398,cli_179,2023-06-09,sku_111,coccion,3838846.09,tienda_occidente,efectivo
tx_0399,cli_088,2024-05-02,sku_143,refrigeracion,1764704.93,tienda_norte,credito_propio_retail
tx_0400,cli_031,2024-12-11,sku_121,refrigeracion,1522063.54,tienda_occidente,tarjeta_debito
tx_0401,cli_109,2024-10-16,sku_141,lavado,4056827.22,tienda_centro,tarjeta_debito
tx_0402,cli_178,2023-12-10,sku_105,refrigeracion,3982294.53,tienda_sur,tarjeta_credito
tx_0403,cli_034,2023-07-01,sku_114,refrigeracion,2649159.3,tienda_centro,credito_propio_retail
tx_0404,cli_123,2024-11-18,sku_122,lavado,1345088.69,tienda_occidente,tarjeta_credito
tx_0405,cli_019,2025-07-03,sku_114,lavado,945492.6,tienda_centro,tarjeta_credito
tx_0406,cli_059,2023-01-24,sku_147,pequenos_electrodomesticos,3474541.12,tienda_centro,tarjeta_debito
tx_0407,cli_099,2024-06-27,sku_119,refrigeracion,2373431.32,tienda_sur,efectivo
tx_0408,cli_023,2024-03-05,sku_126,lavado,1880775.82,tienda_sur,tarjeta_debito
tx_0409,cli_188,2024-05-26,sku_150,pequenos_electrodomesticos,3413236.83,tienda_occidente,tarjeta_debito
tx_0410,cli_027,2023-05-19,sku_121,refrigeracion,707869.88,tienda_occidente,efectivo
tx_0411,cli_027,2024-12-18,sku_123,lavado,2436949.18,tienda_centro,credito_propio_retail
tx_0412,cli_081,2024-06-09,sku_116,refrigeracion,1990815.02,tienda_norte,credito_propio_retail
tx_0413,cli_095,2023-08-10,sku_137,pequenos_electrodomesticos,4237496.73,tienda_centro,efectivo
tx_0414,cli_077,2023-01-03,sku_118,coccion,291647.51,tienda_occidente,efectivo
tx_0415,cli_036,2023-04-09,sku_129,refrigeracion,1660706.98,tienda_centro,tarjeta_credito
tx_0416,cli_098,2025-03-01,sku_107,refrigeracion,3892740.57,tienda_sur,efectivo
tx_0417,cli_199,2025-06-16,sku_130,refrigeracion,3525182.24,tienda_centro,efectivo
tx_0418,cli_193,2025-05-09,sku_103,refrigeracion,2138802.75,tienda_sur,tarjeta_credito
tx_0419,cli_035,2023-12-07,sku_140,lavado,673601.58,tienda_norte,credito_propio_retail
tx_0420,cli_165,2025-04-27,sku_137,coccion,2404192.36,tienda_sur,efectivo
tx_0421,cli_174,2025-10-06,sku_137,refrigeracion,1523083.0,tienda_norte,efectivo
tx_0422,cli_037,2025-02-14,sku_139,lavado,186620.93,tienda_norte,tarjeta_credito
tx_0423,cli_018,2024-12-20,sku_104,coccion,3082348.31,tienda_centro,efectivo
tx_0424,cli_136,2025-02-07,sku_130,pequenos_electrodomesticos,1800511.82,tienda_occidente,tarjeta_credito
tx_0425,cli_145,2023-07-27,sku_112,pequenos_electrodomesticos,588253.04,tienda_occidente,tarjeta_debito
tx_0426,cli_003,2025-09-08,sku_132,pequenos_electrodomesticos,1722970.12,tienda_centro,tarjeta_credito
tx_0427,cli_157,2024-04-06,sku_107,pequenos_electrodomesticos,3899012.8,tienda_norte,tarjeta_debito
tx_0428,cli_167,2023-11-30,sku_143,pequenos_electrodomesticos,964113.12,tienda_occidente,tarjeta_debito
tx_0429,cli_043,2025-07-13,sku_124,coccion,1293393.3,tienda_sur,tarjeta_credito
tx_0430,cli_113,2023-05-31,sku_133,refrigeracion,1321925.8,tienda_occidente,tarjeta_credito
tx_0431,cli_090,2023-03-10,sku_119,pequenos_electrodomesticos,4319591.65,tienda_norte,tarjeta_credito
tx_0432,cli_185,2024-08-26,sku_126,refrigeracion,1642469.6,tienda_norte,credito_propio_retail
tx_0433,cli_055,2023-02-11,sku_103,refrigeracion,950024.48,tienda_sur,efectivo
tx_0434,cli_161,2024-10-14,sku_109,refrigeracion,1994151.53,tienda_centro,tarjeta_credito
tx_0435,cli_192,2024-06-18,sku_108,refrigeracion,1973054.3,tienda_occidente,tarjeta_debito
tx_0436,cli_039,2023-08-03,sku_112,refrigeracion,3422051.57,tienda_centro,tarjeta_debito
tx_0437,cli_106,2023-06-01,sku_121,coccion,1738089.24,tienda_occidente,tarjeta_credito
tx_0438,cli_158,2024-12-01,sku_126,refrigeracion,1892577.8,tienda_sur,efectivo
tx_0439,cli_176,2023-12-15,sku_136,coccion,2110671.11,tienda_centro,efectivo
tx_0440,cli_114,2025-02-07,sku_129,coccion,2635632.27,tienda_occidente,efectivo
tx_0441,cli_056,2023-11-26,sku_109,refrigeracion,4409835.17,tienda_occidente,tarjeta_debito
tx_0442,cli_023,2023-06-03,sku_120,coccion,3134151.82,tienda_norte,tarjeta_credito
tx_0443,cli_026,2023-07-10,sku_145,pequenos_electrodomesticos,3691729.39,tienda_norte,tarjeta_credito
tx_0444,cli_036,2024-11-23,sku_111,pequenos_electrodomesticos,3285547.25,tienda_occidente,tarjeta_credito
tx_0445,cli_193,2025-09-15,sku_149,pequenos_electrodomesticos,3647780.98,tienda_norte,tarjeta_debito
tx_0446,cli_032,2023-03-05,sku_105,refrigeracion,2565729.21,tienda_occidente,tarjeta_credito
tx_0447,cli_151,2025-06-02,sku_131,pequenos_electrodomesticos,3874943.01,tienda_occidente,tarjeta_debito
tx_0448,cli_187,2023-12-04,sku_121,lavado,1002874.98,tienda_norte,tarjeta_debito
tx_0449,cli_099,2025-06-08,sku_140,lavado,3630162.94,tienda_norte,efectivo
tx_0450,cli_090,2023-11-18,sku_111,lavado,3362657.76,tienda_norte,tarjeta_credito
